<?xml version="1.0" encoding="UTF-8"?>
<T3locallangExt>
  <data type="array">
    <languageKey index="de" type="array">
      <label index="UserSettings">Benutzereinstellungen</label>
      <label index="language">Sprache</label>
      <label index="lang_default">Englisch</label>
      <label index="lang_af">Afrikaans</label>
      <label index="lang_ar">Arabisch</label>
      <label index="lang_ba">Bosnisch</label>
      <label index="lang_bs">Bosnisch</label>
      <label index="lang_bg">Bulgarisch</label>
      <label index="lang_ca">Katalanisch</label>
      <label index="lang_ch">Chinesisch</label>
      <label index="lang_cs">Tschechisch</label>
      <label index="lang_cz">Tschechisch</label>
      <label index="lang_da">Dänisch</label>
      <label index="lang_dk">Dänisch</label>
      <label index="lang_de">Deutsch</label>
      <label index="lang_el">Griechisch</label>
      <label index="lang_gr">Griechisch</label>
      <label index="lang_eo">Esperanto</label>
      <label index="lang_es">Spanisch</label>
      <label index="lang_et">Estländisch</label>
      <label index="lang_eu">Baskisch</label>
      <label index="lang_fa">Persisch</label>
      <label index="lang_fi">Finnisch</label>
      <label index="lang_fo">Färöisch</label>
      <label index="lang_fr">Französisch</label>
      <label index="lang_fr_CA">Französisch (Kanada)</label>
      <label index="lang_qc">Französisch (Kanada)</label>
      <label index="lang_ga">Galizisch</label>
      <label index="lang_gl">Grönländisch</label>
      <label index="lang_he">Hebräisch</label>
      <label index="lang_hi">Hindi</label>
      <label index="lang_hr">Kroatisch</label>
      <label index="lang_hu">Ungarisch</label>
      <label index="lang_is">Isländisch</label>
      <label index="lang_it">Italienisch</label>
      <label index="lang_ja">Japanisch</label>
      <label index="lang_jp">Japanisch</label>
      <label index="lang_ge">Georgisch</label>
      <label index="lang_ka">Georgisch</label>
      <label index="lang_kl">Grönländisch</label>
      <label index="lang_km">Khmer</label>
      <label index="lang_ko">Koreanisch</label>
      <label index="lang_kr">Koreanisch</label>
      <label index="lang_lt">Litauisch</label>
      <label index="lang_lv">Lettisch</label>
      <label index="lang_ms">Malaiisch</label>
      <label index="lang_my">Malaiisch</label>
      <label index="lang_nl">Niederländisch</label>
      <label index="lang_no">Norwegisch</label>
      <label index="lang_pl">Polnisch</label>
      <label index="lang_pt">Portugiesisch</label>
      <label index="lang_br">Bras. Portugiesisch</label>
      <label index="lang_pt_BR">Bras. Portugiesisch</label>
      <label index="lang_ro">Rumänisch</label>
      <label index="lang_ru">Russisch</label>
      <label index="lang_sk">Slowakisch</label>
      <label index="lang_si">Slowenisch</label>
      <label index="lang_sl">Slowenisch</label>
      <label index="lang_sq">Albanisch</label>
      <label index="lang_sr">Serbisch</label>
      <label index="lang_se">Schwedisch</label>
      <label index="lang_sv">Schwedisch</label>
      <label index="lang_th">Thailändisch</label>
      <label index="lang_tr">Türkisch</label>
      <label index="lang_ua">Ukrainisch</label>
      <label index="lang_uk">Ukrainisch</label>
      <label index="lang_vi">Vietnamesisch</label>
      <label index="lang_vn">Vietnamesisch</label>
      <label index="lang_hk">Chinesisch (Trad.)</label>
      <label index="lang_zh">Chinesisch (Trad.)</label>
      <label index="default">Standard</label>
      <label index="simulate">Backend-Benutzer simulieren</label>
      <label index="opening">Beim Start</label>
      <label index="personal_data">Persönliche Daten</label>
      <label index="showThumbs">Vorschaubilder standardmäßig anzeigen</label>
      <label index="condensedMode">Schmale Ansicht im Backend verwenden</label>
      <label index="noMenuMode">Art der Navigation auswählen</label>
      <label index="noMenuMode_def">Menü im linken Frame (Standard)</label>
      <label index="noMenuMode_sel">Auswahlfeld im oberen Frame</label>
      <label index="noMenuMode_icons">Symbole im oberen Frame</label>
      <label index="startModule">Beim Start folgendes Modul aufrufen</label>
      <label index="emailMeAtLogin">Mich per E-Mail benachrichtigen, wenn sich jemand mit meinem Konto anmeldet</label>
      <label index="helpText">Hilfetexte anzeigen, wenn vorhanden</label>
      <label index="maxTitleLen">Maximale Titellänge</label>
      <label index="edit_showFieldHelp">Kontextabhängige Hilfe</label>
      <label index="edit_showFieldHelp_none">Keine Hilfeinformationen anzeigen</label>
      <label index="edit_showFieldHelp_icon">Nur Hilfesymbol anzeigen</label>
      <label index="edit_showFieldHelp_message">Kompletten Text anzeigen</label>
      <label index="edit_wideDocument">Breiten Hintergrund anzeigen</label>
      <label index="edit_RTE">Rich-Text-Editor aktivieren (falls verfügbar)</label>
      <label index="edit_docModuleUpload">Hochladen von Dateien direkt im Web-Modul</label>
      <label index="showHiddenFilesAndFolders">Versteckte Dateien und Ordner in der Dateiliste anzeigen</label>
      <label index="enableFlashUploader">Flash-Schnittstelle zum Hochladen aktivieren (erfordert Flash 9+)</label>
      <label index="resizeTextareas">Größe von mehrzeiligen Textfeldern anpassbar machen</label>
      <label index="resizeTextareas_MaxHeight">Maximale Höhe in der Größe anpassbarer, mehrzeiliger Textfelder in Pixel</label>
      <label index="flexibleTextareas_MaxHeight">Maximale Höhe flexibler Textfelder in Pixel</label>
      <label index="resizeTextareas_Flexible">Textfelder flexibel machen</label>
      <label index="editFunctionsTab">Bearbeiten und erweiterte Funktionen</label>
      <label index="edit_functions">Bearbeiten</label>
      <label index="disableCMlayers">Inhaltskontextmenüs deaktivieren</label>
      <label index="setToStandard">Alle Werte auf Standard zurücksetzen</label>
      <label index="resetSectionHeader">Einstellungen zurücksetzen</label>
      <label index="resetConfiguration">Konfiguration zurücksetzen und temporäre Daten löschen</label>
      <label index="resetConfigurationShort">Zurücksetzen</label>
      <label index="setToStandardQuestion">Alle Werte tatsächlich auf die Standardwerte zurücksetzen?</label>
      <label index="clearSessionVars">Temporäre Daten löschen</label>
      <label index="clearSessionVarsShort">Leeren</label>
      <label index="clearSessionVarsQuestion">Die temporären Daten tatsächlich löschen?</label>
      <label index="functions">Erweiterte Funktionen</label>
      <label index="copyLevels">&lt;b&gt;Rekursives Kopieren:&lt;/b&gt; Geben Sie die Anzahl der zu kopierenden Unterebenen an</label>
      <label index="recursiveDelete">&lt;b&gt;Rekursives Löschen(!):&lt;/b&gt; Erlaube das Löschen ALLER Unterseiten einer zu löschenden Seite</label>
      <label index="activateChanges">Achtung! Die meisten Optionen werden erst beim nächsten Start aktiv. Bitte ab- und anmelden.</label>
      <label index="levels">Tiefe</label>
      <label index="beUser_realName">Ihr Name</label>
      <label index="beUser_email">Ihre E-Mail-Adresse</label>
      <label index="save">Konfiguration speichern</label>
      <label index="newPassword">Neues Passwort</label>
      <label index="newPasswordAgain">Neues Passwort (Wiederholung)</label>
      <label index="newPassword_ok">Ihr Passwort wurde aktualisiert.</label>
      <label index="setupWasUpdated">Benutzereinstellungen wurden aktualisiert.</label>
      <label index="newPassword_failed">Das Passwort wurde nicht aktualisiert, da die Bestätigung falsch eingegeben wurde.</label>
      <label index="adminFunctions">Adminfunktionen</label>
      <label index="enableInstallTool.label">Zugriff auf Installationsprogramm</label>
      <label index="enableInstallTool.createFile">Aktivierungsdatei für Installationsprogramm erstellen</label>
      <label index="enableInstallTool.file">Aktivierungsdatei für Installationsprogramm</label>
      <label index="enableInstallTool.fileCreate_ok">Die Aktivierungsdatei für das Installationsprogramm wurde erstellt.</label>
      <label index="enableInstallTool.fileCreate_failed">Die Aktivierungsdatei für das Installationsprogramm konnte nicht erstellt werden.</label>
      <label index="enableInstallTool.deleteFile">Aktivierungsdatei für Installationsprogramm löschen</label>
      <label index="enableInstallTool.fileDelete_ok">Die Aktivierungsdatei für das Installationsprogramm wurde gelöscht.</label>
      <label index="enableInstallTool.fileDelete_failed">Die Aktivierungsdatei für das Installationsprogramm konnte nicht gelöscht werden.</label>
      <label index="enableInstallTool.fileHasKeep">Die Aktivierungsdatei für das Installationsprogramm hat den Inhalt "KEEP_FILE" und wird daher nicht gelöscht.</label>
      <label index="tempDataCleared">Temporäre Daten gelöscht</label>
      <label index="tempDataClearedFlashMessage">Die temporären Daten wurden gelöscht.</label>
      <label index="tempDataClearedLog">Temporäre Daten gelöscht</label>
      <label index="settingsAreReset">Die Benutzereinstellungen wurden auf die Standardwerte zurückgesetzt und temporäre Daten gelöscht.</label>
      <label index="debugInWindow">Debug-Meldungen in neuem Browserfenster anzeigen</label>
    </languageKey>
  </data>
</T3locallangExt>
