<?xml version="1.0" encoding="UTF-8"?>
<T3locallangExt>
  <data type="array">
    <languageKey index="de" type="array">
      <label index="default_search_word_entry">Suche nach</label>
      <label index="submit_button_label">Suche</label>
      <label index="opt_type_0">Ganzes Wort</label>
      <label index="opt_type_1">Wortteil</label>
      <label index="opt_type_2">Wortanfang</label>
      <label index="opt_type_3">Wortende</label>
      <label index="opt_type_10">Aussprache</label>
      <label index="opt_type_20">Ganzer Satz</label>
      <label index="opt_defOp_0">Alle Wörter (UND)</label>
      <label index="opt_defOp_1">Jedes Wort (ODER)</label>
      <label index="opt_sections_0">Ganze Website</label>
      <label index="opt_sections_-1">Nur diese Seite</label>
      <label index="opt_sections_-2">Homepage + Ebene 1</label>
      <label index="opt_sections_-3">Ebene 2 und tiefer</label>
      <label index="opt_freeIndexUid_-1">Alle, gemischt</label>
      <label index="opt_freeIndexUid_-2">Alle, kategorisiert</label>
      <label index="opt_freeIndexUid_0">Seiten</label>
      <label index="opt_freeIndexUid_header_-1">gemischte Kategorien</label>
      <label index="opt_freeIndexUid_header_0">Web-Seiten</label>
      <label index="opt_media_-1">Alle Medien</label>
      <label index="opt_media_0">Interne Seiten</label>
      <label index="opt_media_-2">Alle externen Seiten</label>
      <label index="opt_order_rank_flag">Trefferquote/Vorkommen</label>
      <label index="opt_order_rank_freq">Vorkommen</label>
      <label index="opt_order_rank_first">Nähe zum Dokumentanfang</label>
      <label index="opt_order_rank_count">Anzahl der Worte</label>
      <label index="opt_order_mtime">Letzte Änderung</label>
      <label index="opt_order_title">Dokumententitel</label>
      <label index="opt_order_crdate">Erstelldatum</label>
      <label index="opt_group_sections">Bereichshierarchie</label>
      <label index="opt_group_flat">Flache Liste</label>
      <label index="opt_lang_-1">Alle Sprachen</label>
      <label index="opt_lang_0">Standard</label>
      <label index="opt_desc_0">Höchste zuerst</label>
      <label index="opt_desc_1">Geringste zuerst</label>
      <label index="opt_RL1">Ebene 1:</label>
      <label index="opt_RL1ALL">Alle Seiten auf Ebene 1</label>
      <label index="opt_RL2">- Ebene 2:</label>
      <label index="opt_RL2ALL">- alle Seiten auf Ebene 2</label>
      <label index="form_legend">Suchformular</label>
      <label index="form_searchFor">Suchen nach:</label>
      <label index="form_extResume">Erweiterte Vorschau</label>
      <label index="form_atATime">pro Seite</label>
      <label index="form_orderBy">Sortieren nach:</label>
      <label index="form_fromSection">Aus dem Bereich:</label>
      <label index="form_freeIndexUid">Kategorie:</label>
      <label index="form_searchIn">Suche in:</label>
      <label index="form_match">Vergleich:</label>
      <label index="form_style">Ansicht:</label>
      <label index="rules_header">Regeln:</label>
      <label index="rules_text">Nur Wörter mit 2 oder mehr Zeichen werden akzeptiert. Maximal 200 Zeichen insgesamt. Leerzeichen werden zur Trennung von Worten verwendet, "" kann für die Suche nach ganzen Zeichenfolgen benutzt werden (keine Indexsuche). UND, ODER und NICHT sind Suchoperatoren, die den standardmäßigen Operator überschreiben. +/|/- entspricht UND, ODER und NICHT als Operatoren. Alle Suchwörter werden zu Kleinschreibung konvertiert.</label>
      <label index="searchFor">Suche nach</label>
      <label index="searchFor_or">oder</label>
      <label index="searchFor_and">und</label>
      <label index="searchFor_butNot">aber nicht</label>
      <label index="noResults">KEINE Ergebnisse gefunden.</label>
      <label index="inSection">im Bereich</label>
      <label index="inNsection">in %s Bereich:</label>
      <label index="inNsections">in %s Bereichen:</label>
      <label index="word_page">Seite</label>
      <label index="word_pages">Seiten</label>
      <label index="unnamedSection">Andere</label>
      <label index="link_regularSearch">Normale Suche</label>
      <label index="link_advancedSearch">Erweiterte Suche</label>
      <label index="res_path">Pfad:</label>
      <label index="res_modified">Geändert:</label>
      <label index="res_created">Erstellt:</label>
      <label index="res_size">Größe:</label>
      <label index="res_noResume">Hinweis: Der Inhalt dieser Seite entspricht nicht exakt der Suche. Die Seitenvorschau wird nicht angezeigt.</label>
      <label index="res_otherMatching">Andere passende Seiten im selben Dokument:</label>
      <label index="res_otherPageAsWell">Information: Eine andere Seite wurde auch indexiert... Diese wurde vermutlich mit einer anderen oder keiner Benutzergruppe indexiert.</label>
      <label index="res_memberGroups">Erfordert Mitgliedschaft der Gruppe(n) Nummer %s</label>
      <label index="pi_list_browseresults_prev">&lt; Zurück</label>
      <label index="pi_list_browseresults_page">Seite</label>
      <label index="pi_list_browseresults_next">Nächste &gt;</label>
      <label index="pi_list_browseresults_display">Anzeige der Ergebnisse ###TAG_BEGIN###%s bis %s###TAG_END### von insgesamt ###TAG_BEGIN###%s###TAG_END###</label>
      <label index="local_operator_AND">UND</label>
      <label index="local_operator_OR">ODER</label>
      <label index="local_operator_NOT">NICHT</label>
      <label index="makerating_addToCurrentSearch">Den derzeitigen Suchbegriffen hinzufügen</label>
      <label index="maketitle_matches">Treffer</label>
      <label index="pi_wizard_title">Indexsuche</label>
      <label index="pi_wizard_description">Suche basierend auf Datenbankindex.</label>
    </languageKey>
  </data>
</T3locallangExt>
