<?xml version="1.0" encoding="UTF-8"?>
<T3locallangExt>
  <data type="array">
    <languageKey index="de" type="array">
      <label index="task_saltedpasswordsBulkUpdateNumberOfRecords.alttitle">Anzahl zu bearbeitender Datensätze</label>
      <label index="task_saltedpasswordsBulkUpdateNumberOfRecords.description">Anzahl zu bearbeitender Datensätze pro Durchlauf. Wenn sowohl für das BE als auch für das FE aktiviert, verdoppelt sich diese Anzahl.</label>
      <label index="task_saltedpasswordsBulkUpdateNumberOfRecords.details">Ein Passwort zu saltedpasswords zu konvertieren, benötigt einige Millisekunden (~ 100ms in einem Einsteigersystem in 2010). Wenn alle Benutzer in einem Durchlauf aktualisiert werden, kann der Task sehr lange laufen, falls viele Benutzer bearbeitet werden müssen. Daher wird jeweils nur eine kleine Anzahl Frontend- und Backend-Benutzer verarbeitet. Wenn saltedpasswords sowohl für das FE als auch für das BE aktiviert ist, verdoppelt sich dieser Wert.</label>
      <label index="task_saltedpasswordsBulkUpdateCanDeactivateSelf.alttitle">Diesen Task deaktivieren</label>
      <label index="task_saltedpasswordsBulkUpdateCanDeactivateSelf.description">Ob der Task sich selbst deaktivieren soll, nachdem alle Datensätze verarbeitet wurden.
Deaktivieren Sie diese Option, wenn Sie Benutzer von einer externen Quelle importieren oder wenn Sie den Task periodisch ausführen möchten.</label>
    </languageKey>
  </data>
</T3locallangExt>
