<?xml version="1.0" encoding="UTF-8"?>
<T3locallangExt>
  <data type="array">
    <languageKey index="de" type="array">
      <label index="pi_title">Nachrichten</label>
      <label index="pi_plus_wiz_description">Vielseitiges Nachrichtensystem für TYPO3</label>
      <label index="cms_layout.mode">Zeige: %s</label>
      <label index="cms_layout.not_configured">Plug-In ist nicht konfiguriert!</label>
      <label index="updater.back">[&lt;- zurück]</label>
      <label index="updater.reload">[Seite neu laden]</label>
      <label index="updater.lbl_searchOutdatedTempl">Nach veralteten, statischen TS-Templates suchen</label>
      <label index="updater.msg_searchOutdatedTempl">Nach TypoScript-Templates suchen, die eines der statischen tt_news-Templates mit veraltetem Pfad enthalten (z.B. "CSS based tmpl"):</label>
      <label index="updater.foundMsg_searchOutdatedTempl">###COUNT### Template-Datensätze gefunden.</label>
      <label index="updater.question_searchOutdatedTempl">Diese Datensätze tatsächlich mit dem Aktualisierungsskript aktualisieren?</label>
      <label index="updater.questionInfo_searchOutdatedTempl">(Bei Auswahl von "DURCHFÜHREN" aktualisiert das Aktualisierungsskript die Template-Datensätze mit einem festen Pfad.)</label>
      <label index="updater.lbl_searchNonExistingHtml">Nach nicht vorhandenen HTML-Vorlagen suchen</label>
      <label index="updater.msg_searchNonExistingHtml">Nach tt_news-Inhaltselementen suchen, für die in der Flexform eine nicht im Dateisystem vorhandene HTML-Vorlage konfiguriert ist.</label>
      <label index="updater.foundMsg_searchNonExistingHtml">###COUNT### Inhaltselemente gefunden.</label>
      <label index="updater.question_searchNonExistingHtml">Diese Einstellungen tatsächlich mit dem Aktualisierungsskript löschen?</label>
      <label index="updater.questionInfo_searchNonExistingHtml">(Bei Auswahl von "DURCHFÜHREN" durchsucht das Aktualisierungsskript alle Inhaltselemente des tt_news-Plug-Ins nach konfigurierten Vorlagendateien. Sind Vorlagendateien konfiguriert, die nicht am angegebenen Ort vorhanden sind (z.B. "EXT:tt_news/pi/tt_news_v2_template.html"), so löscht das Aktualisierungsskript diese Einstellungen. Stattdessen verwendet tt_news dann die über TypoScript festgelegte Standardvorlage.)</label>
      <label index="updater.lbl_searchMovedPidlist"/>
      <label index="updater.msg_searchMovedPidlist"/>
      <label index="updater.foundMsg_searchMovedPidlist">###COUNT### Inhaltselemente gefunden.</label>
      <label index="updater.question_searchMovedPidlist">Diese Einstellungen tatsächlich mit dem Aktualisierungsskript reparieren?</label>
      <label index="updater.questionInfo_searchMovedPidlist"/>
      <label index="updater.lbl_searchMovedRecursive">"Rekursiv" in FF suchen</label>
      <label index="updater.msg_searchMovedRecursive"/>
      <label index="updater.foundMsg_searchMovedRecursive">###COUNT### Inhalts-Elemente gefunden.</label>
      <label index="updater.question_searchMovedRecursive">Diese Einstellungen tatsächlich mit dem Aktualisierungsskript reparieren?</label>
      <label index="updater.questionInfo_searchMovedRecursive"/>
      <label index="updater.lbl_searchMovedNoPageBrowser"/>
      <label index="updater.msg_searchMovedNoPageBrowser"/>
      <label index="updater.foundMsg_searchMovedNoPageBrowser">###COUNT### Inhalts-Elemente gefunden.</label>
      <label index="updater.question_searchMovedNoPageBrowser">Diese Einstellungen tatsächlich mit dem Aktualisierungsskript reparieren?</label>
      <label index="updater.questionInfo_searchMovedNoPageBrowser"/>
      <label index="updater.lbl_searchMovedListLimit"/>
      <label index="updater.msg_searchMovedListLimit"/>
      <label index="updater.foundMsg_searchMovedListLimit">###COUNT### Inhaltselemente gefunden.</label>
      <label index="updater.question_searchMovedListLimit">Diese Einstellungen tatsächlich mit dem Aktualisierungsskript reparieren?</label>
      <label index="updater.questionInfo_searchMovedListLimit"/>
      <label index="updater.warningHeader">Wichtig! Bitte lesen!</label>
      <label index="updater.nothingtodo"/>
      <label index="updater.actions">Aktionen:</label>
      <label index="updater.updateresults">Aktualisierungsergebnisse:</label>
      <label index="updater.warningMsg"/>
      <label index="extmng.useStoragePid"/>
      <label index="extmng.requireCategories"/>
      <label index="extmng.writeParseTimesToDevlog"/>
      <label index="extmng.parsetimeThreshold"/>
      <label index="extmng.useInternalCaching"/>
      <label index="extmng.writeCachingInfoToDevlog"/>
      <label index="extmng.cachingMode"/>
      <label index="extmng.cacheLifetime"/>
      <label index="extmng.cachingEngine"/>
      <label index="extmng.treeOrderBy"/>
      <label index="extmng.prependAtCopy"/>
      <label index="extmng.label"/>
      <label index="extmng.label_alt"/>
      <label index="extmng.label_alt2"/>
      <label index="extmng.label_alt_force"/>
      <label index="extmng.categoryTreeWidth"/>
      <label index="extmng.categorySelectedWidth"/>
      <label index="extmng.l10n_mode_prefixLangTitle"/>
      <label index="extmng.l10n_mode_imageExclude"/>
      <label index="extmng.hideNewLocalizations"/>
      <label index="extmng.updatermsg"/>
      <label index="extmng.updatermsgHeader"/>
      <label index="extmng.updatermsgLink"/>
      <label index="extmng.updatermsgOption"/>
      <label index="tsce.templateFile"/>
      <label index="tsce.pid_list"/>
      <label index="tsce.singlePid"/>
      <label index="tsce.backPid"/>
      <label index="tsce.archiveTypoLink.parameter"/>
      <label index="tsce.allowCaching"/>
      <label index="tsce.useHRDates"/>
      <label index="tsce.useSubCategories"/>
      <label index="tsce.showCatRootline"/>
      <label index="tsce.useBidirectionalRelations"/>
      <label index="tsce.usePagesRelations"/>
      <label index="tsce.displaySubCategories"/>
      <label index="tsce.showRelatedNewsByCategory"/>
      <label index="tsce.useSPidFromCategory"/>
      <label index="tsce.useMultiPageSingleView"/>
      <label index="tsce.showTitleAsPrevNextLink"/>
      <label index="tsce.limit"/>
      <label index="tsce.latestLimit"/>
      <label index="tsce.recursive"/>
      <label index="tsce.noIconsInRelatedNews"/>
      <label index="tsce.displayCatMenu.mode"/>
      <label index="tsce.displayCatMenu.showNewsCountForCategories"/>
      <label index="tsce.displayCatMenu.catmenuIconMode"/>
      <label index="tsce.displayCatMenu.catmenuNoRootIcon"/>
      <label index="tsce.catmenuWithArchiveParams"/>
      <label index="tsce.displayCatMenu.expandable"/>
      <label index="tsce.displayCatMenu.expandAll"/>
      <label index="tsce.displayCatMenu.expandFirst"/>
      <label index="tsce.datetimeDaysToArchive"/>
      <label index="tsce.enableArchiveDate"/>
      <label index="tsce.amenuStart"/>
      <label index="tsce.amenuEnd"/>
      <label index="tsce.amenuWithCatSelector"/>
      <label index="tsce.archiveMode"/>
      <label index="tsce.catTextMode"/>
      <label index="tsce.catImageMode"/>
      <label index="tsce.singleMaxW"/>
      <label index="tsce.singleMaxH"/>
      <label index="tsce.latestMaxW"/>
      <label index="tsce.latestMaxH"/>
      <label index="tsce.listMaxW"/>
      <label index="tsce.listMaxH"/>
      <label index="tsce.listImageMode"/>
      <label index="tsce.latestImageMode"/>
      <label index="tsce.xmlFormat"/>
      <label index="tsce.xmlTitle"/>
      <label index="tsce.xmlLink"/>
      <label index="tsce.xmlDesc"/>
      <label index="tsce.xmlLang"/>
      <label index="tsce.xmlIcon"/>
      <label index="tsce.xmlLimit"/>
      <label index="tsce.xmlCaching"/>
      <label index="tsce.rss2_tmplFile"/>
      <label index="tsce.rss091_tmplFile"/>
      <label index="tsce.rdf_tmplFile"/>
      <label index="tsce.atom03_tmplFile"/>
      <label index="tsce.atom1_tmplFile"/>
    </languageKey>
  </data>
</T3locallangExt>
