<?xml version="1.0" encoding="UTF-8"?>
<T3locallangExt>
  <data type="array">
    <languageKey index="de" type="array">
      <label index="tt_news">Nachrichten</label>
      <label index="tt_news.tabs.special">Spezial</label>
      <label index="tt_news.tabs.media">Medien</label>
      <label index="tt_news.tabs.catAndRels">Kategorien &amp; Beziehungen</label>
      <label index="tt_news.tabs.categories">Kategorien</label>
      <label index="tt_news.tabs.access">Zugriff</label>
      <label index="tt_news.tabs.extended">Erweitert</label>
      <label index="tt_news.uid">ID:</label>
      <label index="tt_news.tstamp">Letzte Änderung:</label>
      <label index="tt_news.pid">Seite:</label>
      <label index="tt_news.type.I.0">Nachrichten</label>
      <label index="tt_news.type.I.1">Link zu interner Seite</label>
      <label index="tt_news.type.I.2">Link zu externer URL</label>
      <label index="tt_news.datetime">Datum/Zeit:</label>
      <label index="tt_news.archivedate">Archivdatum:</label>
      <label index="tt_news.no_auto_pb">Keine Seitenumbrüche in diesem Artikel einfügen</label>
      <label index="tt_news.manageCategories">Kategorieverwaltung für Nachrichten öffnen</label>
      <label index="tt_news.editCategory">Kategorie bearbeiten</label>
      <label index="tt_news.editDefLangVersion">Diesen Artikel in der Originalsprache bearbeiten</label>
      <label index="tt_news.imagealttext">ALT-Text des Bildes</label>
      <label index="tt_news.imagetitletext">Titel des Bildes</label>
      <label index="tt_news.related">In Verbindung stehende Artikel:</label>
      <label index="tt_news.random">Zufällige Reihefolge</label>
      <label index="tt_news.category">Kategorie:</label>
      <label index="tt_news_cat">Nachrichtenkategorie</label>
      <label index="tt_news_cat.image">Kategoriebild</label>
      <label index="tt_news_cat.createNewParentCategory">Neue übergeordnete Kategorie erstellen</label>
      <label index="tt_news_cat.listCategories">Kategorieliste anzeigen</label>
      <label index="tt_news_cat.title_lang_ol">Titelübersetzungen (mehrere Einträge durch "|" trennen)</label>
      <label index="tt_news_cat.parent_category">übergeordnete Kategorie</label>
      <label index="tt_news_cat.shortcut">Verweis auf Kategorie</label>
      <label index="tt_news_cat.shortcut_target">Ziel für Verweis auf Kategorie</label>
      <label index="tt_news_cat.single_pid">Seite mit Einzelansicht (News-Details) für Nachrichten dieser Kategorie</label>
      <label index="tt_news_cat.description">Beschreibung</label>
      <label index="tt_news.pi_flexform.sheet_general">Allgemeine Einstellungen</label>
      <label index="tt_news.pi_flexform.sheet_template">Vorlage</label>
      <label index="tt_news.pi_flexform.sheet_category">Kategorieeinstellungen</label>
      <label index="tt_news.pi_flexform.sheet_misc">Sonstige Einstellungen</label>
      <label index="tt_news.pi_flexform.what_to_display">Ansicht:</label>
      <label index="tt_news.pi_flexform.codeFromTS">Definiert durch TypoScript</label>
      <label index="tt_news.pi_flexform.LIST">Standard-Listenansicht (LIST)</label>
      <label index="tt_news.pi_flexform.LIST2">Erweiterte Listenansicht mit 6 abwechselnden Vorlagenteilen (LIST2)</label>
      <label index="tt_news.pi_flexform.LIST3">Erweiterte Listenansicht mit 3 abwechselnden Vorlagenteilen (LIST2)</label>
      <label index="tt_news.pi_flexform.LATEST">Ansicht neueste Artikel (LATEST)</label>
      <label index="tt_news.pi_flexform.SINGLE">Einzelansicht (SINGLE)</label>
      <label index="tt_news.pi_flexform.SINGLE2">Erweiterte Einzelansicht mit 3 Bild-Markern (SINGLE1)</label>
      <label index="tt_news.pi_flexform.HEADER_LIST">Überschriftenliste ohne Bilder (HEADER_LIST)</label>
      <label index="tt_news.pi_flexform.AMENU">Archivmenü (AMENU)</label>
      <label index="tt_news.pi_flexform.SEARCH">Suchformular mit Trefferliste (SEARCH)</label>
      <label index="tt_news.pi_flexform.CATMENU">Kategoriemenü (CATMENU)</label>
      <label index="tt_news.pi_flexform.VERSION_PREVIEW">Voransicht nicht veröffentlichter Artikel (VERSION_PREVIEW)</label>
      <label index="tt_news.pi_flexform.listOrderby">Sortiere Beiträge (LIST &amp; LATEST) nach:</label>
      <label index="tt_news.pi_flexform.ascDesc">Sortierreihenfolge (LIST &amp; LATEST):</label>
      <label index="tt_news.pi_flexform.ascDesc_asc">Aufsteigend</label>
      <label index="tt_news.pi_flexform.ascDesc_desc">Absteigend</label>
      <label index="tt_news.pi_flexform.select_deselect_categories">Kategoriemodus:</label>
      <label index="tt_news.pi_flexform.itemsHeader">weitere Optionen</label>
      <label index="tt_news.pi_flexform.category_selection_notCategorized">[nicht kategorisiert]</label>
      <label index="tt_news.pi_flexform.category_selection">Kategorieauswahl:</label>
      <label index="tt_news.pi_flexform.category_selection_showAll">Zeige alle Beiträge (ignoriere folgende Auswahl)</label>
      <label index="tt_news.pi_flexform.category_selection_showSelected">Zeige alle Beiträge aus den ausgewählten Kategorien (ODER)</label>
      <label index="tt_news.pi_flexform.category_selection_showSelectedAND">Zeige alle Beiträge aus den ausgewählten Kategorien (UND)</label>
      <label index="tt_news.pi_flexform.category_selection_DontShowSelected">KEINE Artikel aus den ausgewählten Kategorien anzeigen (UND)</label>
      <label index="tt_news.pi_flexform.category_selection_DontShowSelectedOR">KEINE Artikel aus den ausgewählten Kategorien anzeigen (ODER)</label>
      <label index="tt_news.pi_flexform.useSubCategories">Unterkategorien benutzen</label>
      <label index="tt_news.pi_flexform.useSubCategories_TS">Definiert durch TypoScript</label>
      <label index="tt_news.pi_flexform.yes">Ja</label>
      <label index="tt_news.pi_flexform.no">Nein</label>
      <label index="tt_news.pi_flexform.archive">Archiveinstellungen (für LIST-Ansicht):</label>
      <label index="tt_news.pi_flexform.template_file">Vorlagendatei</label>
      <label index="tt_news.pi_flexform.template_file_ref">Verweis auf Vorlagendatei</label>
      <label index="tt_news.pi_flexform.catImageMode">Link-Modus für Kategoriebild:</label>
      <label index="tt_news.pi_flexform.catTextMode">Link-Modus für Kategorietext:</label>
      <label index="tt_news.pi_flexform.recursive">Rekursiv:</label>
      <label index="tt_news.pi_flexform.recursive.I.0">0 Ebenen</label>
      <label index="tt_news.pi_flexform.recursive_TS">Definiert durch TypoScript</label>
      <label index="tt_news.pi_flexform.catImageMaxWidth">Maximale Breite für Kategoriebild:</label>
      <label index="tt_news.pi_flexform.catImageMaxHeight">Maximale Höhe für Kategoriebild:</label>
      <label index="tt_news.pi_flexform.maxCatImages">Maximale Anzahl für Kategoriebilder:</label>
      <label index="tt_news.pi_flexform.maxTextLength">Maximale Länge für Kategorietext:</label>
      <label index="tt_news.pi_flexform.maxCatTexts">Maximale Anzahl für Kategorietexte:</label>
      <label index="tt_news.pi_flexform.PIDitemDisplay">Seite für die Einzelansicht:</label>
      <label index="tt_news.pi_flexform.backPid">Seite für 'Zurück':</label>
      <label index="tt_news.pi_flexform.archive_nonarc">Zeige nicht-archivierte</label>
      <label index="tt_news.pi_flexform.archive_arc">Zeige archivierte</label>
      <label index="tt_news.pi_flexform.archive_dontcare">Egal</label>
      <label index="tt_news.pi_flexform.catLinkMode_TS">Definiert durch TypoScript</label>
      <label index="tt_news.pi_flexform.catLinkMode_dontshow">Nicht anzeigen</label>
      <label index="tt_news.pi_flexform.catLinkMode_shownolink">Anzeigen, aber ohne Link</label>
      <label index="tt_news.pi_flexform.catLinkMode_catshortcut">Anzeigen und Link zum Kategorieverweis</label>
      <label index="tt_news.pi_flexform.catLinkMode_catsel">Anzeigen und Link als Kategorieauswahl</label>
      <label index="tt_news.pi_flexform.firstImageIsPreview">Erstes Bild in Einzelansicht NICHT anzeigen (firstImageIsPreview)</label>
      <label index="tt_news.pi_flexform.forceFirstImageIsPreview">Erstes Bild in Einzelansicht NICHT anzeigen, auch wenn nur ein Bild vorhanden ist (forceFirstImageIsPreview)</label>
      <label index="tt_news.pi_flexform.limit">Maximale Anzahl von Artikeln in LIST (und LATEST, wenn 'latestLimit' nicht gesetzt ist)</label>
      <label index="tt_news.pi_flexform.listStartId">List StartId: LIST- &amp; LATEST-Ansicht ab diesem Artikel beginnen</label>
      <label index="tt_news.pi_flexform.noPageBrowser">Seitennavigation in LIST-Ansicht verbergen</label>
      <label index="tt_news.pi_flexform.imageMaxWidth">Maximale Breite für Bilder in Artikeln</label>
      <label index="tt_news.pi_flexform.imageMaxHeight">Maximale Höhe für Bilder in Artikeln</label>
      <label index="tt_news.pi_flexform.altLayoutsOptionSplit">Nummer des Vorlagenteils / optionSplit der Nummern der Vorlagenteile</label>
      <label index="tt_news.pi_flexform.alternatingLayouts">Anzahl abwechselnder Vorlagenlayouts (wird ignoriert, wenn "Nummer des Vorlagenteils" gesetzt)</label>
      <label index="tt_news.pi_flexform.croppingLenght">Untertitel abschneiden nach ... Zeichen</label>
      <label index="tt_news.pi_flexform.croppingLenghtOptionSplit">OptionSplit für Untertitel (überschreibt Längenangabe für stdWrap.crop)</label>
      <label index="tt_news.pi_flexform.maxWordsInSingleView">Seitenumbruch nach dieser Anzahl von Wörtern einfügen</label>
      <label index="tt_news.pi_flexform.startingpoint">Seite(n) mit tt_news-Datensätzen</label>
      <label index="tt_news.pi_flexform.tsconfig">TypoScript für dieses Inhaltselement (plugin.tt_news.[your TS])</label>
      <label index="tt_news.categorymounts">tt_news: Erlaubte/sichtbare Kategorien</label>
      <label index="tt_news.treeSelect.msg_notInGRSP">Die aktuelle Kategorie befindet sich nicht in der "Allgemeinen Datensatzsammlung", sondern es wurde in der tt_news-Konfiguration "useStoragePid" aktiviert. Die Auswahl von Oberkategorien mit einer abweichenden pid wird nicht unterstützt.</label>
      <label index="tt_news.treeSelect.msg_emptyTree">Keine Kategorien in der Seite ###PID### gefunden.</label>
      <label index="tt_news.treeSelect.translOrgCat">Kategorien der Originalsprache dieses Datensatzes:</label>
      <label index="tt_news.treeSelect.translOrgNoCat">In der Originalsprache wurden keine Kategorien für diesen Datensatz definiert.</label>
      <label index="tt_news.treeSelect.pageTitleSuffix">[pid: %s]</label>
      <label index="tt_news.treeSelect.pageTitleSuffixNoGrsp">[aus allen Seiten]</label>
      <label index="tt_news.treeSelect.treeTitle">Nachrichtenkategorien</label>
    </languageKey>
  </data>
</T3locallangExt>
